INSERT INTO assignment_user_details (id, user_id, first_name, last_name) VALUES('038d0500-3436-4320-bc68-b465534931c8'::uuid, '038d0500-3436-4320-bc68-b465534931c8'::uuid, 'Richard', 'Chapman');
INSERT INTO assignment_user_details (id, user_id, first_name, last_name) VALUES('02f551c8-e516-4f7e-b650-8fe997259d8e'::uuid, '02f551c8-e516-4f7e-b650-8fe997259d8e'::uuid, 'John', 'Doe');

INSERT INTO prosecution_advocate_access (id, case_id, assignee_organisation_id, assignee_id, assignor_id, assignor_organisation_id, assignor_organisation_name, assigned_date, assignment_expiry_date) VALUES('d0cd8420-fd08-46f6-9a91-7f35f2b5d080'::uuid, 'b996b3cc-8613-4281-bdeb-bc480628e4d9'::uuid, '0f53e7f8-1ff0-4ccb-8c45-8bd83c1cfbb1'::uuid, '038d0500-3436-4320-bc68-b465534931c8'::uuid, '02f551c8-e516-4f7e-b650-8fe997259d8e'::uuid, '0f53e7f8-1ff0-4ccb-8c45-8bd83c1cfbb1'::uuid, 'Bodgit and Scarper LLP', '2022-05-23 17:14:06.245', 'DATE1');
INSERT INTO prosecution_advocate_access (id, case_id, assignee_organisation_id, assignee_id, assignor_id, assignor_organisation_id, assignor_organisation_name, assigned_date, assignment_expiry_date) VALUES('53269b5f-67ad-4494-877b-1b7923cc9466'::uuid, '5bc84b03-0fdc-49bd-bb47-b365ade0bb42'::uuid, '0f53e7f8-1ff0-4ccb-8c45-8bd83c1cfbb1'::uuid, '038d0500-3436-4320-bc68-b465534931c8'::uuid, '02f551c8-e516-4f7e-b650-8fe997259d8e'::uuid, '0f53e7f8-1ff0-4ccb-8c45-8bd83c1cfbb1'::uuid, 'Bodgit and Scarper LLP', '2022-05-22 18:50:36.122', 'DATE2');
INSERT INTO prosecution_advocate_access (id, case_id, assignee_organisation_id, assignee_id, assignor_id, assignor_organisation_id, assignor_organisation_name, assigned_date, assignment_expiry_date) VALUES('7f37745f-8131-4e40-a9b8-912cb3f083ad'::uuid, 'c0ea3f7f-ec71-4520-8581-2d68bf6ab8ea'::uuid, '31328e25-2ba1-4faf-8670-b2fc5c4343a9'::uuid, '038d0500-3436-4320-bc68-b465534931c8'::uuid, '02f551c8-e516-4f7e-b650-8fe997259d8e'::uuid, '31328e25-2ba1-4faf-8670-b2fc5c4343a9'::uuid, 'Assignor Co Ltd', '2022-05-22 19:56:16.000', 'DATE1');
INSERT INTO prosecution_advocate_access (id, case_id, assignee_organisation_id, assignee_id, assignor_id, assignor_organisation_id, assignor_organisation_name, assigned_date, assignment_expiry_date) VALUES('f9204b94-477b-4818-97de-8618c2e4a624'::uuid, '870d5ebb-b652-437b-b15d-55db95f07821'::uuid, '31328e25-2ba1-4faf-8670-b2fc5c4343a9'::uuid, '02f551c8-e516-4f7e-b650-8fe997259d8e'::uuid, '038d0500-3436-4320-bc68-b465534931c8'::uuid, '31328e25-2ba1-4faf-8670-b2fc5c4343a9'::uuid, 'Assignor Co Ltd', '2022-05-22 19:56:21.000', 'DATE2');


INSERT INTO prosecution_organisation_access (case_id, assignee_id, assignee_organisation_id, assignee_organisation_name, assignor_id, assignor_organisation_id, assignor_organisation_name, assigned_date, representation_type, representing, assignment_expiry_date) VALUES('b996b3cc-8613-4281-bdeb-bc480628e4d9'::uuid, '02f551c8-e516-4f7e-b650-8fe997259d8e'::uuid, '0f53e7f8-1ff0-4ccb-8c45-8bd83c1cfbb1'::uuid, 'Bodgit and Scarper LLP', '038d0500-3436-4320-bc68-b465534931c8'::uuid, '0f53e7f8-1ff0-4ccb-8c45-8bd83c1cfbb1'::uuid, 'Bodgit and Scarper LLP', '2022-05-23 19:28:43.589', 'PROSECUTION', 'CPS', 'DATE1');
INSERT INTO prosecution_organisation_access (case_id, assignee_id, assignee_organisation_id, assignee_organisation_name, assignor_id, assignor_organisation_id, assignor_organisation_name, assigned_date, representation_type, representing, assignment_expiry_date) VALUES('5bc84b03-0fdc-49bd-bb47-b365ade0bb42'::uuid, '02f551c8-e516-4f7e-b650-8fe997259d8e'::uuid, '0f53e7f8-1ff0-4ccb-8c45-8bd83c1cfbb1'::uuid, 'Bodgit and Scarper LLP', '038d0500-3436-4320-bc68-b465534931c8'::uuid, '0f53e7f8-1ff0-4ccb-8c45-8bd83c1cfbb1'::uuid, 'Bodgit and Scarper LLP', '2022-05-23 19:28:43.589', 'PROSECUTION', 'CPS', 'DATE2');
INSERT INTO prosecution_organisation_access (case_id, assignee_id, assignee_organisation_id, assignee_organisation_name, assignor_id, assignor_organisation_id, assignor_organisation_name, assigned_date, representation_type, representing, assignment_expiry_date) VALUES('c0ea3f7f-ec71-4520-8581-2d68bf6ab8ea'::uuid, '02f551c8-e516-4f7e-b650-8fe997259d8e'::uuid, '31328e25-2ba1-4faf-8670-b2fc5c4343a9'::uuid, 'Bodgit and Scarper LLP', '038d0500-3436-4320-bc68-b465534931c8'::uuid, '31328e25-2ba1-4faf-8670-b2fc5c4343a9'::uuid, 'Assignor Co Ltd', '2022-05-23 19:28:43.589', 'PROSECUTION', 'CPS', 'DATE1');
INSERT INTO prosecution_organisation_access (case_id, assignee_id, assignee_organisation_id, assignee_organisation_name, assignor_id, assignor_organisation_id, assignor_organisation_name, assigned_date, representation_type, representing, assignment_expiry_date) VALUES('870d5ebb-b652-437b-b15d-55db95f07821'::uuid, '02f551c8-e516-4f7e-b650-8fe997259d8e'::uuid, '31328e25-2ba1-4faf-8670-b2fc5c4343a9'::uuid, 'Bodgit and Scarper LLP', '038d0500-3436-4320-bc68-b465534931c8'::uuid, '31328e25-2ba1-4faf-8670-b2fc5c4343a9'::uuid, 'Assignor Co Ltd', '2022-05-23 19:28:43.589', 'PROSECUTION', 'CPS', 'DATE2');

INSERT INTO prosecution_organisation_access (case_id, assignee_id, assignee_organisation_id, assignee_organisation_name, assignor_id, assignor_organisation_id, assignor_organisation_name, assigned_date, representation_type, representing, assignment_expiry_date) VALUES('08e1a52e-c7cf-4c69-80b9-3886c355f8ca'::uuid, '02f551c8-e516-4f7e-b650-8fe997259d8e'::uuid, '92f8d08a-caff-463c-8d99-8366239d1235'::uuid, 'Bodgit and Scarper LLP', '038d0500-3436-4320-bc68-b465534931c8'::uuid, '31328e25-2ba1-4faf-8670-b2fc5c4343a9'::uuid, 'Assignor Co Ltd', '2022-05-23 19:28:43.589', 'PROSECUTION', 'CPS', null);
INSERT INTO prosecution_organisation_access (case_id, assignee_id, assignee_organisation_id, assignee_organisation_name, assignor_id, assignor_organisation_id, assignor_organisation_name, assigned_date, representation_type, representing, assignment_expiry_date) VALUES('8b3c08e3-99f4-487f-92e0-50d8fd24825c'::uuid, '02f551c8-e516-4f7e-b650-8fe997259d8e'::uuid, '815db89f-c2d9-42c8-927c-af7c41d14b98'::uuid, 'Bodgit and Scarper LLP', '038d0500-3436-4320-bc68-b465534931c8'::uuid, '31328e25-2ba1-4faf-8670-b2fc5c4343a9'::uuid, 'Assignor Co Ltd', '2022-05-23 19:28:43.589', 'PROSECUTION', 'CPS', 'DATE2');
